Source,Title,Date,Location,Link,ScrapedAt
Devpost,RevenueCat Shipaton 2025,"Jul 31 - Oct 01, 2025",N/A,https://revenuecat-shipaton-2025.devpost.com/?ref_feature=challenge&ref_medium=discover,2025-08-30T16:23:22.207412
Devpost,Code with Kiro Hackathon,"Jul 14 - Sep 15, 2025",N/A,https://kiro.devpost.com/?ref_feature=challenge&ref_medium=discover,2025-08-30T16:23:22.342958
Devpost,OpenAI Open Model Hackathon,"Aug 05 - Sep 11, 2025",N/A,https://openai.devpost.com/?ref_feature=challenge&ref_medium=discover,2025-08-30T16:23:22.556922
Devpost,Tableau Next Virtual Hackathon,"Jul 24 - Sep 18, 2025",N/A,https://tableau.devpost.com/?ref_feature=challenge&ref_medium=discover,2025-08-30T16:23:22.742559
Devpost,GKE Turns 10 Hackathon,"Aug 18 - Sep 22, 2025",N/A,https://gketurns10.devpost.com/?ref_feature=challenge&ref_medium=discover,2025-08-30T16:23:22.799897
Devpost,TiDB AgentX Hackathon 2025,"Aug 01 - Sep 16, 2025",N/A,https://tidb-2025-hackathon.devpost.com/?ref_feature=challenge&ref_medium=discover,2025-08-30T16:23:22.962275
Devpost,IndiaAI Impact Gen-AI Hackathon,"Aug 14 - 30, 2025",N/A,https://iisc-ibm-india-ai-impact.devpost.com/?ref_feature=challenge&ref_medium=discover,2025-08-30T16:23:23.154075
Devpost,TikTok TechJam 2025,"Aug 27 - 30, 2025",N/A,https://tiktoktechjam2025.devpost.com/?ref_feature=challenge&ref_medium=discover,2025-08-30T16:23:23.386232
Devpost,Proof of Concept,"Jul 24 - Sep 19, 2025",N/A,https://proofofconcept.devpost.com/?ref_feature=challenge&ref_medium=discover,2025-08-30T16:23:23.514173
AngelHack,N/A,See website,Varies,https://angelhack.com/,2025-08-30T16:24:47.697925
AngelHack,N/A,See website,Varies,https://angelhack.com/services/hackathon/,2025-08-30T16:24:47.752421
AngelHack,N/A,See website,Varies,https://angelhack.com/services/virtual-hackathon/,2025-08-30T16:24:47.849476
AngelHack,N/A,See website,Varies,https://angelhack.com/services/in-person-hackathon/,2025-08-30T16:24:47.883338
AngelHack,N/A,See website,Varies,https://angelhack.com/services/developer-quests/,2025-08-30T16:24:47.920573
AngelHack,N/A,See website,Varies,https://angelhack.com/services/bounty-program/,2025-08-30T16:24:47.969353
AngelHack,N/A,See website,Varies,https://angelhack.com/services/developer-events/,2025-08-30T16:24:48.008516
AngelHack,N/A,See website,Varies,https://angelhack.com/services/incubator-program/,2025-08-30T16:24:48.050777
AngelHack,N/A,See website,Varies,https://devlabs.angelhack.com/,2025-08-30T16:24:48.085772
AngelHack,N/A,See website,Varies,https://angelhack.com/solutions/developer-relations/,2025-08-30T16:24:48.132479
AngelHack,N/A,See website,Varies,https://angelhack.com/solutions/developer-marketing/,2025-08-30T16:24:48.163448
AngelHack,N/A,See website,Varies,https://angelhack.com/solutions/web3-ecosystem-growth/,2025-08-30T16:24:48.200136
AngelHack,N/A,See website,Varies,https://angelhack.com/solutions/corporate-innovation/,2025-08-30T16:24:48.281853
AngelHack,N/A,See website,Varies,https://angelhack.com/solutions/talent-recruitment/,2025-08-30T16:24:48.303082
AngelHack,N/A,See website,Varies,https://angelhack.com/event-calendar,2025-08-30T16:24:48.394286
AngelHack,N/A,See website,Varies,https://angelhack.com/hackglobal,2025-08-30T16:24:48.445374
AngelHack,N/A,See website,Varies,https://angelhack.com/case-studies,2025-08-30T16:24:48.519569
AngelHack,N/A,See website,Varies,https://angelhack.com/blog,2025-08-30T16:24:48.586541
AngelHack,N/A,See website,Varies,https://angelhack.com/angelhack-alliance/,2025-08-30T16:24:48.643625
AngelHack,N/A,See website,Varies,https://angelhack.com/for-developers/,2025-08-30T16:24:48.690835
AngelHack,N/A,See website,Varies,https://angelhack.com/corporate-partnership/,2025-08-30T16:24:48.730123
AngelHack,N/A,See website,Varies,https://angelhack.com/angelhack-team/,2025-08-30T16:24:48.763185
AngelHack,N/A,See website,Varies,https://angelhack.com/contact/,2025-08-30T16:24:48.801918
AngelHack,N/A,See website,Varies,https://angelhack.com/contact/?utm_source=navigation&utm_medium=website&utm_campaign=button,2025-08-30T16:24:48.880027
AngelHack,EVENT CALENDAR,See website,Varies,https://angelhack.com/events/,2025-08-30T16:24:50.407955
AngelHack,"Join us at AngelHack’s developer-focused events, from hackathons and incubators to engaging community experiences that drive innovation and growth",See website,Varies,https://angelhack.com/events/,2025-08-30T16:24:50.453322
AngelHack,N/A,See website,Varies,https://angelhack.com/events/,2025-08-30T16:24:50.511420
AngelHack,STATUS:,See website,Varies,https://angelhack.com/events/,2025-08-30T16:24:50.548816
AngelHack,"UPCOMING
ONGOING
PAST
ALL",See website,Varies,https://angelhack.com/events/,2025-08-30T16:24:50.586876
AngelHack,TYPE:,See website,Varies,https://angelhack.com/events/,2025-08-30T16:24:50.625066
AngelHack,"HACKATHON
DEVELOPER EVENT
INCUBATOR
ACCELERATOR
GRANTS PROGRAM
ALL",See website,Varies,https://angelhack.com/events/,2025-08-30T16:24:50.674000
AngelHack,PAN SEA-AI Developer Challenge 2025,See website,Varies,https://angelhack.com/event/pan-sea-ai-developer-challenge-2025/,2025-08-30T16:24:50.722930
AngelHack,HACKATHON,See website,Varies,https://angelhack.com/events/,2025-08-30T16:24:50.814910
AngelHack,PAN SEA-AI Developer Challenge 2025,See website,Varies,https://angelhack.com/events/,2025-08-30T16:24:50.850079
AngelHack,04 AUG 2025,See website,Varies,https://angelhack.com/events/,2025-08-30T16:24:50.885939
AngelHack,31 OCT 2025,See website,Varies,https://angelhack.com/events/,2025-08-30T16:24:50.958480
AngelHack,HYBRID,See website,Varies,https://angelhack.com/events/,2025-08-30T16:24:50.998509
AngelHack,SOUTHEAST ASIA,See website,Varies,https://angelhack.com/events/,2025-08-30T16:24:51.080614
AngelHack,Hello Future Origins,See website,Varies,https://angelhack.com/events/,2025-08-30T16:24:51.224135
AngelHack,21 JUL 2025,See website,Varies,https://angelhack.com/events/,2025-08-30T16:24:51.267480
AngelHack,08 AUG 2025,See website,Varies,https://angelhack.com/events/,2025-08-30T16:24:51.346557
AngelHack,VIRTUAL,See website,Varies,https://angelhack.com/events/,2025-08-30T16:24:51.385462
AngelHack,GLOBAL,See website,Varies,https://angelhack.com/events/,2025-08-30T16:24:51.472577
AngelHack,DEVELOPER EVENT | ACCELERATOR,See website,Varies,https://angelhack.com/events/,2025-08-30T16:24:51.574133
AngelHack,Aptos Horizon Accelerator Program Demo Day,See website,Varies,https://angelhack.com/events/,2025-08-30T16:24:51.609097
AngelHack,06 JUN 2025,See website,Varies,https://angelhack.com/events/,2025-08-30T16:24:51.637127
AngelHack,HACKATHON | DEVELOPER EVENT,See website,Varies,https://angelhack.com/events/,2025-08-30T16:24:52.145753
AngelHack,MOVEATHON IOTA APAC Hackathon Showcase Day,See website,Varies,https://angelhack.com/events/,2025-08-30T16:24:52.189754
AngelHack,IN-PERSON,See website,Varies,https://angelhack.com/events/,2025-08-30T16:24:52.551261
AngelHack,SINGAPORE,See website,Varies,https://angelhack.com/events/,2025-08-30T16:24:52.692116
AngelHack,DEVELOPER EVENT,See website,Varies,https://angelhack.com/events/,2025-08-30T16:24:52.756203
AngelHack,Unlocking Southeast Asia’s AI Potential: From Multilingual Models to Market Impact,See website,Varies,https://angelhack.com/events/,2025-08-30T16:24:52.777321
AngelHack,28 MAY 2025,See website,Varies,https://angelhack.com/events/,2025-08-30T16:24:52.851790
AngelHack,INCUBATOR,See website,Varies,https://angelhack.com/events/,2025-08-30T16:24:53.416359
AngelHack,Lisk Incubator 2025,See website,Varies,https://angelhack.com/events/,2025-08-30T16:24:53.523275
AngelHack,26 MAY 2025,See website,Varies,https://angelhack.com/events/,2025-08-30T16:24:53.586078
AngelHack,20 JUL 2025,See website,Varies,https://angelhack.com/events/,2025-08-30T16:24:53.777062
AngelHack,"JAKARTA, INDONESIA",See website,Varies,https://angelhack.com/events/,2025-08-30T16:24:54.023381
AngelHack,BrainHack 2025: Today I Learned – AI,See website,Varies,https://angelhack.com/events/,2025-08-30T16:24:54.272759
AngelHack,10 MAY 2025,See website,Varies,https://angelhack.com/events/,2025-08-30T16:24:54.348478
AngelHack,13 JUN 2025,See website,Varies,https://angelhack.com/events/,2025-08-30T16:24:54.579888
AngelHack,ACCELERATOR,See website,Varies,https://angelhack.com/events/,2025-08-30T16:24:55.139457
AngelHack,Aptos Horizon Accelerator Program 2025,See website,Varies,https://angelhack.com/events/,2025-08-30T16:24:55.268066
AngelHack,14 APR 2025,See website,Varies,https://angelhack.com/events/,2025-08-30T16:24:55.354431
AngelHack,"OSAKA, JAPAN",See website,Varies,https://angelhack.com/events/,2025-08-30T16:24:55.824957
AngelHack,Databricks Smart Business Insights Challenge,See website,Varies,https://angelhack.com/events/,2025-08-30T16:24:56.117508
AngelHack,07 APR 2025,See website,Varies,https://angelhack.com/events/,2025-08-30T16:24:56.181683
AngelHack,30 MAY 2025,See website,Varies,https://angelhack.com/events/,2025-08-30T16:24:56.397097
AngelHack,ASIA PACIFIC,See website,Varies,https://angelhack.com/events/,2025-08-30T16:24:56.599828
AngelHack,MOVEATHON IOTA APAC Hackathon,See website,Varies,https://angelhack.com/events/,2025-08-30T16:24:56.786942
AngelHack,04 MAY 2025,See website,Varies,https://angelhack.com/events/,2025-08-30T16:24:57.101513
AngelHack,GRANTS PROGRAM,See website,Varies,https://angelhack.com/events/,2025-08-30T16:24:57.567762
AngelHack,AngelHack x Polygon Community Grants Program,See website,Varies,https://angelhack.com/events/,2025-08-30T16:24:57.663761
AngelHack,20 FEB 2025,See website,Varies,https://angelhack.com/events/,2025-08-30T16:24:57.730196
AngelHack,16 MAY 2025,See website,Varies,https://angelhack.com/events/,2025-08-30T16:24:57.865799
AngelHack,Hello Future Hackathon 2.0,See website,Varies,https://angelhack.com/events/,2025-08-30T16:24:58.344193
AngelHack,13 NOV 2024,See website,Varies,https://angelhack.com/events/,2025-08-30T16:24:58.472590
AngelHack,18 DEC 2024,See website,Varies,https://angelhack.com/events/,2025-08-30T16:24:58.700809
AngelHack,Want to host your very own developer event?,See website,Varies,https://angelhack.com/events/,2025-08-30T16:24:59.135067
AngelHack,TALK TO US,See website,Varies,https://angelhack.com/contact/?utm_source=hackathon_service&utm_medium=website&utm_campaign=button,2025-08-30T16:24:59.193966
AngelHack,TRUSTED BY INDUSTRY LEADERS,See website,Varies,https://angelhack.com/events/,2025-08-30T16:24:59.310977
AngelHack,Subscribe to AngelHack Digest,See website,Varies,https://angelhack.com/events/,2025-08-30T16:25:00.226380
AngelHack,Empower and inform your strategy in the evolving tech ecosystem. Each edition is packed with our insights on how developers are transforming the tech landscape as well as our latest events.,See website,Varies,https://angelhack.com/events/,2025-08-30T16:25:00.304893
AngelHack,SUBMIT,See website,Varies,https://angelhack.com/events/,2025-08-30T16:25:00.419613
AngelHack,Services,See website,Varies,https://angelhack.com/events/,2025-08-30T16:25:00.491168
AngelHack,Hackathon,See website,Varies,https://angelhack.com/services/hackathon/,2025-08-30T16:25:00.623557
AngelHack,Virtual Hackathon,See website,Varies,https://angelhack.com/services/virtual-hackathon/,2025-08-30T16:25:00.749673
AngelHack,In-Person Hackathon,See website,Varies,https://angelhack.com/services/in-person-hackathon/,2025-08-30T16:25:00.841637
AngelHack,Developer Quests,See website,Varies,https://angelhack.com/services/developer-quests/,2025-08-30T16:25:00.879734
AngelHack,Bounty Program,See website,Varies,https://angelhack.com/services/bounty-program/,2025-08-30T16:25:01.007022
AngelHack,Incubator,See website,Varies,https://angelhack.com/services/incubator-program/,2025-08-30T16:25:01.093426
AngelHack,Developer Engagement Event,See website,Varies,https://angelhack.com/services/developer-events/,2025-08-30T16:25:01.252912
AngelHack,AngelHack Developer Labs,See website,Varies,https://angelhack.com/services/custom-software-development/,2025-08-30T16:25:01.335561
AngelHack,Solutions,See website,Varies,https://angelhack.com/events/,2025-08-30T16:25:01.442614
AngelHack,Developer Relations,See website,Varies,https://angelhack.com/solutions/developer-relations/,2025-08-30T16:25:01.510861
AngelHack,Developer Marketing,See website,Varies,https://angelhack.com/solutions/developer-marketing/,2025-08-30T16:25:01.593058
AngelHack,Web3 Ecosystem Growth,See website,Varies,https://angelhack.com/solutions/web3-ecosystem-growth/,2025-08-30T16:25:01.681563
AngelHack,Innovation,See website,Varies,https://angelhack.com/solutions/corporate-innovation/,2025-08-30T16:25:01.749522
AngelHack,Talent Acquisition,See website,Varies,https://angelhack.com/solutions/talent-recruitment/,2025-08-30T16:25:01.865931
AngelHack,Events,See website,Varies,https://angelhack.com/events/,2025-08-30T16:25:01.968937
AngelHack,Event Calendar,See website,Varies,https://angelhack.com/events/,2025-08-30T16:25:02.084744
AngelHack,Resources,See website,Varies,https://angelhack.com/events/,2025-08-30T16:25:02.251326
AngelHack,Customer Stories,See website,Varies,https://angelhack.com/case-studies/,2025-08-30T16:25:02.331406
AngelHack,Blog,See website,Varies,https://angelhack.com/blog/,2025-08-30T16:25:02.450954
AngelHack,Community,See website,Varies,https://angelhack.com/events/,2025-08-30T16:25:02.706225
AngelHack,Developers,See website,Varies,https://angelhack.com/for-developers/,2025-08-30T16:25:02.839233
AngelHack,Company,See website,Varies,https://angelhack.com/events/,2025-08-30T16:25:02.999774
AngelHack,Corporate Partnership,See website,Varies,https://angelhack.com/corporate-partnership/,2025-08-30T16:25:03.084178
AngelHack,Contact Us,See website,Varies,https://angelhack.com/contact/,2025-08-30T16:25:03.150125
AngelHack,About Us,See website,Varies,https://angelhack.com/angelhack-team/,2025-08-30T16:25:03.238140
AngelHack,Terms of Service,See website,Varies,https://angelhack.com/terms-of-service/,2025-08-30T16:25:03.449395
AngelHack,Privacy Policy,See website,Varies,https://angelhack.com/privacy-policy/,2025-08-30T16:25:03.503129
AngelHack,"Images used in the website are taken across various AngelHack developer events globally AngelHack Global Series Silicon Valley © 2019, 42 Silicon Valley, Priscilla Vongdara",See website,Varies,https://angelhack.com/events/,2025-08-30T16:25:03.591278
AngelHack,N/A,See website,Varies,https://discord.com/invite/Ndpng8mwBH,2025-08-30T16:25:03.739933
